{
    "metrics": {
        "race_booking_success": {
            "count": 5,
            "rate": 0.14295188728369487,
            "thresholds": {
                "count<3": true
            }
        },
        "vus_max": {
            "value": 50,
            "min": 50,
            "max": 50
        },
        "http_reqs": {
            "count": 246,
            "rate": 7.033232854357787
        },
        "http_req_blocked": {
            "p(95)": 1.10475,
            "avg": 0.1996300813008133,
            "min": 0.001,
            "med": 0.004,
            "max": 1.486,
            "p(90)": 1.0065
        },
        "http_req_receiving": {
            "med": 0.153,
            "max": 0.961,
            "p(90)": 0.426,
            "p(95)": 0.4795,
            "avg": 0.20952845528455272,
            "min": 0.035
        },
        "race_booking_conflict": {
            "rate": 5.403581339323666,
            "count": 189
        },
        "http_req_duration": {
            "min": 4080.442,
            "med": 5450.512,
            "max": 13528.432,
            "p(90)": 10245.8695,
            "p(95)": 12026.2935,
            "avg": 6626.866573170734
        },
        "iteration_duration": {
            "avg": 6627.340337410571,
            "min": 4080.527459,
            "med": 5450.719020500001,
            "max": 13528.549667,
            "p(90)": 10246.0290415,
            "p(95)": 12026.471760499999
        },
        "vus": {
            "max": 50,
            "value": 20,
            "min": 20
        },
        "http_req_connecting": {
            "med": 0,
            "max": 0.828,
            "p(90)": 0.696,
            "p(95)": 0.7687499999999999,
            "avg": 0.1325121951219512,
            "min": 0
        },
        "race_booking_error": {
            "count": 52,
            "rate": 1.4866996277504265
        },
        "http_req_sending": {
            "max": 0.372,
            "p(90)": 0.09,
            "p(95)": 0.14049999999999987,
            "avg": 0.03932520325203246,
            "min": 0.006,
            "med": 0.016
        },
        "http_req_failed": {
            "passes": 241,
            "fails": 5,
            "value": 0.9796747967479674
        },
        "data_sent": {
            "count": 94382,
            "rate": 2698.4170051219376
        },
        "http_req_duration{expected_response:true}": {
            "p(95)": 7355.7537999999995,
            "avg": 5021.2732,
            "min": 4195.169,
            "med": 4295.673,
            "max": 8120.223,
            "p(90)": 6591.284600000001
        },
        "http_req_tls_handshaking": {
            "p(90)": 0,
            "p(95)": 0,
            "avg": 0,
            "min": 0,
            "med": 0,
            "max": 0
        },
        "iterations": {
            "count": 246,
            "rate": 7.033232854357787
        },
        "data_received": {
            "count": 215152,
            "rate": 6151.276890572303
        },
        "http_req_waiting": {
            "p(90)": 10245.5395,
            "p(95)": 12026.19225,
            "avg": 6626.617719512192,
            "min": 4080.377,
            "med": 5450.017,
            "max": 13528.294
        }
    },
    "root_group": {
        "path": "",
        "id": "d41d8cd98f00b204e9800998ecf8427e",
        "groups": {},
        "checks": {},
        "name": ""
    }
}